<?xml version="1.0" encoding="UTF-8"?>
<beans
	xmlns="http://www.springframework.org/schema/beans"
	xmlns:xsi="http://www.w3.org/2001/XMLSchema-instance"
	xmlns:context="http://www.springframework.org/schema/context"
	xsi:schemaLocation="http://www.springframework.org/schema/beans 
						http://www.springframework.org/schema/beans/spring-beans-3.2.xsd
						http://www.springframework.org/schema/context
						http://www.springframework.org/schema/context/spring-context-3.2.xsd">
						
	<context:annotation-config />
	<context:component-scan base-package="com.mb.framework" />
	<context:component-scan base-package="com.mb.ext" />
	
	<import resource="01-context-web-properties.xml"/>
	<import resource="02-context-web-dao.xml"/> 
	<import resource="03-context-web-aop.xml"/>

	<bean id="mailSender" class="org.springframework.mail.javamail.JavaMailSenderImpl">

		<property name="host" value="${mail.smtp.host}" />
		
		<property name="port" value="${mail.smtp.port}" />

		<property name="protocol" value="${mail.smtp.protocol}" />
		
		<!--   <property name="username" value="${mail.smtp.username}" />

		<property name="password" value="${mail.smtp.password}" />  --> 

		<property name="javaMailProperties">

			<props>

				<prop key="mail.smtp.auth">${mail.smtp.auth}</prop>
				 <prop key="mail.smtp.starttls.enable">${mail.smtp.starttls.enable}</prop> 

				<!-- 
				 <prop key="ssl.SocketFactory.provider">${mail.smtp.ssl.provider}</prop>
				
				<prop key="mail.smtp.socketFactory.class">${mail.smtp.ssl.class}</prop>  
 				-->
			</props>

		</property>
		
	</bean>

	
</beans>						 