<?xml version="1.0" encoding="UTF-8"?>
<beans
	xmlns="http://www.springframework.org/schema/beans"
	xmlns:xsi="http://www.w3.org/2001/XMLSchema-instance"
	xmlns:context="http://www.springframework.org/schema/context"
	xsi:schemaLocation="http://www.springframework.org/schema/beans 
						http://www.springframework.org/schema/beans/spring-beans-3.2.xsd">
	
	
	<bean id="performanceInterceptor" class="com.mb.framework.aop.PerformanceInterceptor">
		<property name="loggerName">
			<value>PerformanceMonitor</value>
		</property>
	</bean>
	
	<bean id="performanceInterceptorProxy" class="org.springframework.aop.framework.autoproxy.BeanNameAutoProxyCreator" >
     	<property name="beanNames">
         <value>
          	ExampleService
          </value>
      	</property>
    	<property name="interceptorNames">
        	<list>
          		<value>performanceInterceptor</value>
        	</list>
    	</property>
   	</bean>
   	
	
  	<bean id="loggingInterceptor"
		class="org.springframework.aop.interceptor.CustomizableTraceInterceptor">
		<property name="enterMessage">
			<value>Entering $[targetClassShortName].$[methodName]($[arguments])</value>
		</property>
		<property name="exitMessage">
			<value>Exiting $[targetClassShortName].$[methodName]($[arguments])
				Return ($[returnValue])</value>
		</property>
		<property name="exceptionMessage">
			<value>$[targetClassShortName].$[methodName] throw out
				exception $[exception]</value>
		</property>
		<property name="useDynamicLogger"><value>true</value></property>
		<property name="loggerName"><value>com.mb.framework.aop.MethodTracer</value></property>
	</bean>
	
  	<bean name="loggingInterceptorProxy" class="org.springframework.aop.framework.autoproxy.BeanNameAutoProxyCreator">
    	<property name="beanNames">
         <value>
         		ExampleService
         </value>
      	</property>
    	<property name="interceptorNames">
        	<list>
          		<value>loggingInterceptor</value>
        	</list>
    	</property>
   	</bean>
	
</beans>						 