<beans xmlns="http://www.springframework.org/schema/beans"
	xmlns:context="http://www.springframework.org/schema/context"
	xmlns:mvc="http://www.springframework.org/schema/mvc" xmlns:xsi="http://www.w3.org/2001/XMLSchema-instance"
	xsi:schemaLocation="
        http://www.springframework.org/schema/beans     
        http://www.springframework.org/schema/beans/spring-beans-3.2.xsd
        http://www.springframework.org/schema/context 
        http://www.springframework.org/schema/context/spring-context-3.0.xsd
        http://www.springframework.org/schema/mvc
        http://www.springframework.org/schema/mvc/spring-mvc-3.2.xsd">

	<context:component-scan base-package="com.mb.ext.web" />
	<mvc:annotation-driven />
	<bean id="multipartResolver"
		class="org.springframework.web.multipart.commons.CommonsMultipartResolver">
	</bean>

	<bean
		class="org.springframework.web.servlet.view.InternalResourceViewResolver">
		<property name="prefix">
			<value>/jsp/</value>
		</property>
		<property name="suffix">
			<value>.jsp</value>
		</property>
	</bean>

	<bean id="messageSource"
		class="org.springframework.context.support.ReloadableResourceBundleMessageSource">
		<property name="defaultEncoding" value="UTF-8" />
		<property name="useCodeAsDefaultMessage" value="true" />
		<property name="cacheSeconds" value="10"></property>
		<property name="basenames">
			<list>
				<value>classpath:i18n/message</value>
			</list>
		</property>
	</bean>
	
	<bean id="cmdLineJobExecutorBean" class="com.mb.ext.rmi.CmdLineJobExecutorImpl">     
	</bean>
 	<!-- 
	<bean class="org.springframework.remoting.rmi.RmiServiceExporter">
		<property name="service" ref="cmdLineJobExecutorBean" />
		<property name="serviceInterface" value="com.mb.ext.rmi.CmdLineJobExecutor"/>
		<property name="serviceName" value="RMICmdLineJobExecutorService" />
		<property name="replaceExistingBinding" value="true" />
		<property name="registryPort" value="1099" />
	</bean>
	 -->

</beans>



